{
  "rf": {
    "accuracy": 0.67,
    "precision": 0.7151162790697675,
    "recall": 0.8785714285714286,
    "f1": 0.7884615384615384,
    "roc_auc": 0.6142261904761904,
    "pr_auc": 0.36992442704359013
  },
  "nb": {
    "accuracy": 0.685,
    "precision": 0.7015706806282722,
    "recall": 0.9571428571428572,
    "f1": 0.8096676737160121,
    "roc_auc": 0.5967857142857144,
    "pr_auc": 0.37026840098157127
  },
  "label_classes": [
    "gangguan",
    "normal"
  ],
  "feature_names": [
    "bandwidth",
    "latency",
    "packet_loss",
    "uptime"
  ]
}