{
  "rf": {
    "accuracy": 0.6728571428571428,
    "precision": 0.7135636057287279,
    "recall": 0.877720207253886,
    "f1": 0.7871747211895911,
    "roc_auc": 0.5958799356798283,
    "pr_auc": 0.3790878228425459
  },
  "nb": {
    "accuracy": 0.6892857142857143,
    "precision": 0.7013677811550152,
    "recall": 0.9564766839378238,
    "f1": 0.8092941692240245,
    "roc_auc": 0.6434256446906081,
    "pr_auc": 0.43098319649799643
  },
  "label_classes": [
    "gangguan",
    "normal"
  ],
  "feature_names": [
    "bandwidth",
    "latency",
    "packet_loss",
    "uptime"
  ]
}