{
  "bandwidth": 0.24508354007759925,
  "latency": 0.24789058170285652,
  "packet_loss": 0.253012492773409,
  "uptime": 0.25401338544613533
}