{
  "rf": {
    "accuracy": 0.655,
    "precision": 0.7050359712230215,
    "recall": 0.8558951965065502,
    "f1": 0.7731755424063116,
    "roc_auc": 0.5928860257358242,
    "pr_auc": 0.37553779353737426
  },
  "nb": {
    "accuracy": 0.689,
    "precision": 0.7,
    "recall": 0.9577874818049491,
    "f1": 0.8088506453595574,
    "roc_auc": 0.634235296306114,
    "pr_auc": 0.4294589503013978
  },
  "label_classes": [
    "gangguan",
    "normal"
  ],
  "feature_names": [
    "bandwidth",
    "latency",
    "packet_loss",
    "uptime"
  ]
}