{
  "rf": {
    "accuracy": 0.6740909090909091,
    "precision": 0.713162034609334,
    "recall": 0.8888888888888888,
    "f1": 0.7913878382310154,
    "roc_auc": 0.620087308555263,
    "pr_auc": 0.3948986360821253
  },
  "nb": {
    "accuracy": 0.6972727272727273,
    "precision": 0.7016806722689075,
    "recall": 0.9823529411764705,
    "f1": 0.8186274509803921,
    "roc_auc": 0.6567808018729879,
    "pr_auc": 0.44018389215437553
  },
  "label_classes": [
    "gangguan",
    "normal"
  ],
  "feature_names": [
    "bandwidth",
    "latency",
    "packet_loss",
    "uptime"
  ]
}