{
  "bandwidth": 0.25332435305766043,
  "latency": 0.26119679653579475,
  "packet_loss": 0.23842731500662556,
  "uptime": 0.2470515353999193
}