{
  "bandwidth": 0.25143333197659806,
  "latency": 0.26086593972685407,
  "packet_loss": 0.2410560917927821,
  "uptime": 0.24664463650376564
}