{
  "bandwidth": 0.2505175260491112,
  "latency": 0.2618858977076052,
  "packet_loss": 0.23892237199205432,
  "uptime": 0.24867420425122924
}