{
  "bandwidth": 0.25015867659396956,
  "latency": 0.257606169941282,
  "packet_loss": 0.2419507680100465,
  "uptime": 0.25028438545470194
}